node;pid;tid;core_id;sample_count;
romeo-c040;3811356;3811356;4;2465;
romeo-c040;3811356;3811356;11;1;
romeo-c040;3811356;3811356;12;2;
romeo-c040;3811352;3811352;10;4;
romeo-c040;3811352;3811352;11;2468;
romeo-c040;3811352;3811352;13;1;
romeo-c040;3811352;3811352;16;1;
romeo-c040;3811355;3811355;5;2471;
romeo-c040;3811355;3811355;9;1;
romeo-c040;3811355;3811355;11;1;
romeo-c040;3811355;3811355;16;4;
romeo-c040;3811339;3811339;6;2;
romeo-c040;3811339;3811339;10;2471;
romeo-c040;3811354;3811354;3;1;
romeo-c040;3811354;3811354;6;3;
romeo-c040;3811354;3811354;10;1;
romeo-c040;3811354;3811354;14;2469;
romeo-c040;3811340;3811340;13;1;
romeo-c040;3811340;3811340;14;2;
romeo-c040;3811340;3811340;16;2466;
romeo-c040;3811353;3811353;4;1;
romeo-c040;3811353;3811353;9;2457;
romeo-c040;3811353;3811353;15;1;
romeo-c040;3811343;3811343;8;2471;
romeo-c040;3811343;3811343;9;1;
romeo-c040;3811343;3811343;13;3;
romeo-c040;3811338;3811338;1;1;
romeo-c040;3811338;3811338;3;2465;
romeo-c040;3811338;3811338;8;1;
romeo-c040;3811338;3811338;12;1;
romeo-c040;3811338;3811338;14;2;
romeo-c040;3811345;3811345;6;1;
romeo-c040;3811345;3811345;7;2470;
romeo-c040;3811345;3811345;11;1;
romeo-c040;3811345;3811345;16;3;
romeo-c040;3811342;3811342;2;1;
romeo-c040;3811342;3811342;3;3;
romeo-c040;3811342;3811342;6;2462;
romeo-c040;3811342;3811342;8;1;
romeo-c040;3811346;3811346;1;1;
romeo-c040;3811346;3811346;2;2466;
romeo-c040;3811346;3811346;5;2;
romeo-c040;3811346;3811346;8;1;
romeo-c040;3811347;3811347;4;2;
romeo-c040;3811347;3811347;6;1;
romeo-c040;3811347;3811347;15;2471;
romeo-c040;3811348;3811348;7;2;
romeo-c040;3811348;3811348;13;2470;
romeo-c040;3811348;3811348;15;1;
romeo-c040;3811335;3811335;4;2;
romeo-c040;3811335;3811335;9;1;
romeo-c040;3811335;3811335;12;2465;
romeo-c040;3811335;3811335;16;1;
romeo-c040;3811350;3811350;1;2467;
romeo-c040;3811350;3811350;2;1;
romeo-c040;3811350;3811350;5;1;
romeo-c040;3811350;3811350;15;2;
